address_raw,rooms_raw,area_raw,price_raw,title_raw,description_raw
"Siewerdtstrasse 75, 8050 ZÃ¼rich",1.5 Zimmer,24mÂ²,CHF 2â€™164.â€“,"Welcome to City Pop Zurich Oerlikon â€“ Your Home, Just Smarter","NeuerÃ¶ffnung in ZÃ¼rich Oerlikon!Wir bieten zentral gelegene, voll mÃ¶blierte Apartments im City Pop Zurich Oerlikon Central, Siewerdtstrasse 73, 8050 ZÃ¼rich.Die Apartments sind zwischen 23 und 50 mÂ² groÃŸ â€“ ideal fÃ¼r einen flexiblen Aufenthalt. Bereits ab CHF 505/Woche kÃ¶nnen Sie zwischen verschiedenen Pop-Typen wÃ¤hlen: Pop M, Pop L und Pop 2.5. Buchbar ab mindestens 4 Wochen bis maximal 52 Wochen â€“ in derselben Wohnung.Die beigefÃ¼gten Bilder stammen aus anderen City Pop Apartments und sind als reprÃ¤sentativ zu verstehen. Die MÃ¶blierung ist identisch, lediglich das Layout kann variieren.Diese mÃ¶blierten Apartments bieten ein authentisches Wohnerlebnis. Da die Bauarbeiten noch im Gange sind, stehen derzeit keine Originalfotos zur VerfÃ¼gung.So buchen Sie Ihr Apartment:Laden Sie einfach unsere App herunter: â€¢ FÃ¼r iOS: Suchen Sie nach City Pop im App Store. â€¢ FÃ¼r Android: Suchen Sie nach City Pop im Google Play Store. Nach der Installation der App: â€¢ Erstellen Sie ein Benutzerkonto. â€¢ Navigieren Sie zum Suchbereich. â€¢ WÃ¤hlen Sie â€Suchen und Jetzt Buchen!â€œ â€¢ WÃ¤hlen Sie ZÃ¼rich als Ihre Stadt. â€¢ Geben Sie Ihre gewÃ¼nschten Check-in- und Check-out-Daten ein. Die Apartments sind vollstÃ¤ndig ausgestattet: â€¢ KÃ¼che, Wohnzimmer, Schlafzimmer und Bad â€¢ VollstÃ¤ndiges KÃ¼cheninventar (Teller, GlÃ¤ser, TÃ¶pfe usw.) â€¢ Schlafbereich und Bad mit Handtuchset â€¢ Nebenkosten inklusive â€¢ Wi-Fi und Smart TV Zusatzservices (buchbar Ã¼ber die City Pop App): â€¢ Reinigungsservice (wÃ¶chentlich oder zweiwÃ¶chentlich) â€¢ Parkplatz â€¢ Kellerabteil Gemeinschaftsbereiche im GebÃ¤ude: â€¢ Co-Living-Bereiche â€¢ Privater Garten ab Sommer 2025 So einfach wie ein Hotelzimmer zu buchen! Die Reservierungen sind jetzt geÃ¶ffnet â€“ worauf warten Sie noch?Buchen Sie jetzt Ihren Aufenthalt im City Pop Zurich Oerlikon Central, Siewerdtstrasse 73, 8050 ZÃ¼rich!Bei Fragen oder fÃ¼r weitere Informationen erreichen Sie uns unter: ğŸ“© contact.ch@citypop.com Unser Team hilft Ihnen gerne weiter.Hinweis: Die gezeigten Bilder stammen aus bereits erÃ¶ffneten City Pop Apartments. Die MÃ¶blierung bleibt gleich, die Grundrisse kÃ¶nnen jedoch leicht variieren, da sich die Apartments derzeit in der Endphase der Fertigstellung befinden._____________________________________________________________ENGGrand Opening in Zurich Oerlikon!We offer centrally located, fully furnished apartments at City Pop Zurich Oerlikon Central, Siewerdtstrasse 73, 8050 Zurich.The apartments range in size from 23 to 50 mÂ² â€“ ideal for a flexible stay. Starting from CHF 505/week, you can choose between various Pop types: Pop M, Pop L, and Pop 2.5. Bookable for a minimum of 4 weeks and up to 52 weeks â€“ in the same apartment.The images shown are from other City Pop apartments and are for illustrative purposes only. The furnishing is identical, but the layout may vary slightly.These furnished apartments offer an authentic living experience. As construction is still underway, original photos are not yet available.How to book your apartment:Simply download our app: â€¢ For iOS: Search for City Pop in the App Store. â€¢ For Android: Search for City Pop in the Google Play Store. After installing the app: â€¢ Create a user account â€¢ Navigate to the search section â€¢ Select â€œSearch and Book Now!â€ â€¢ Choose Zurich as your city â€¢ Enter your desired check-in and check-out dates The apartments are fully equipped: â€¢ Kitchen, living room, bedroom, and bathroom â€¢ Complete kitchen inventory (plates, glasses, pots, etc.) â€¢ Sleeping area and bathroom with a towel set â€¢ All utilities included â€¢ Wi-Fi and Smart TV Additional services (bookable via the City Pop app): â€¢ Cleaning service (weekly or bi-weekly) â€¢ Parking â€¢ Storage room Communal areas in the building: â€¢ Co-living spaces â€¢ Private garden from summer 2025 As easy as booking a hotel room! Reservations are now open â€“ what are you waiting for?Book your stay now at City Pop Zurich Oerlikon Central, Siewerdtstrasse 73, 8050 Zurich!If you have any questions or need more information, feel free to contact us at: ğŸ“© contact.ch@citypop.com Our team will be happy to assist you.Please note: The images shown are from already operational City Pop apartments. The furnishing remains the same, but layouts may vary slightly, as the apartments are currently in the final phase of completion."
"Bernerstrasse SÃ¼d 167-169, 8048 ZÃ¼rich",1.5 Zimmer,23mÂ²,CHF 1â€™995.â€“,City Pop - Deine flexible LÃ¶sung fÃ¼r lange und kÃ¼rzere Aufenthalte um dich wie zu Hause zu fÃ¼hlen,"Willkommen im City Pop Zurich Altstetten! Unsere stilvoll eingerichteten Apartments an der Bernerstrasse SÃ¼d 167-169, 8048 ZÃ¼rich sind bereits seit einiger Zeit erÃ¶ffnet und bieten modernes, flexibles Wohnen im lebendigen Stadtteil Altstetten.Ob fÃ¼r ein paar Wochen oder mehrere Monate â€“ bei uns finden Sie auf 18 bis 67 Quadratmetern alles, was Sie zum Leben brauchen. Ab 495 CHF/Woche stehen Ihnen verschiedene Pop-Typen zur Auswahl: S, M, L, XK und 2.5-Zimmer-Apartments â€“ einige davon sogar mit Balkon.Die beigefÃ¼gten Bilder stammen aus anderen City Pop Apartments und dienen der Veranschaulichung. Die MÃ¶blierung ist identisch â€“ lediglich das Layout kann leicht variieren.So einfach buchen Sie Ihr Apartment:Laden Sie unsere App herunter: â€¢ FÃ¼r iOS: City Pop im App Store suchen â€¢ FÃ¼r Android: City Pop im Google Play Store suchen Einfach App installieren, ein Konto erstellen und dann: â€¢ â€Suchen und Jetzt Buchen!â€œ wÃ¤hlen â€¢ ZÃ¼rich als Stadt eingeben â€¢ Check-in- und Check-out-Daten auswÃ¤hlen Was Sie erwartet:Unsere Apartments sind vollstÃ¤ndig mÃ¶bliert und ausgestattet, inklusive: â€¢ KÃ¼che, Wohnbereich, Schlafbereich und Bad â€¢ VollstÃ¤ndiges KÃ¼cheninventar (Teller, GlÃ¤ser, TÃ¶pfe usw.) â€¢ HandtÃ¼cher &amp; BettwÃ¤sche â€¢ Wi-Fi und Smart TV â€¢ Alle Nebenkosten inklusive Der Mindestaufenthalt betrÃ¤gt 4 Wochen. ZusÃ¤tzliche Services, direkt Ã¼ber die App buchbar: â€¢ Reinigungsservice (wÃ¶chentlich oder zweiwÃ¶chentlich) â€¢ Waschraum zur gemeinschaftlichen Nutzung AuÃŸerdem stehen Ihnen tolle Gemeinschaftsbereiche zur VerfÃ¼gung, wie z.â€¯B.: â€¢ Co-Living-Zonen â€¢ Co-Working-Spaces â€¢ Eine sonnige Terrasse So einfach wie ein Hotel â€“ nur viel mehr Zuhause. Worauf warten Sie noch? Entdecken Sie City Pop Zurich Altstetten an der Bernerstrasse SÃ¼d 167-169!ğŸ“§ Bei Fragen oder fÃ¼r weitere Informationen: contact.ch@citypop.comENGWelcome to City Pop Zurich Altstetten! Our stylish and fully furnished apartments at Bernerstrasse SÃ¼d 167-169, 8048 Zurich have been open for some time now, offering modern and flexible living in the vibrant Altstetten district.Whether you're staying for a few weeks or several months, youâ€™ll find everything you need in spaces ranging from 18 to 67 square meters. Starting from 495 CHF/week, choose from a variety of Pop types: S, M, L, XK and even 2.5-room apartments â€“ some with balconies.The images shown are from other City Pop apartments and are to be considered representative. Furnishings are the same, though layouts may vary.Booking made easy:Download the City Pop app: â€¢ iOS: Search for City Pop in the App Store â€¢ Android: Search for City Pop in the Google Play Store Once installed, create an account and: â€¢ Select ""Search and Book Now!"" â€¢ Choose Zurich as your city â€¢ Set your check-in and check-out dates Whatâ€™s included:All apartments are fully equipped, including: â€¢ Kitchen, living area, bedroom, and bathroom â€¢ Full kitchen inventory (plates, glasses, pots, etc.) â€¢ Towels &amp; bed linen â€¢ Wi-Fi and Smart TV â€¢ All utilities included Minimum stay: 4 weeks. Additional services available via the app: â€¢ Cleaning service (weekly or bi-weekly) â€¢ Shared laundry room Enjoy great communal spaces such as: â€¢ Co-living areas â€¢ Co-working spaces â€¢ A sunny terrace As easy as booking a hotel â€“ but so much more like home. What are you waiting for? Discover City Pop Zurich Altstetten at Bernerstrasse SÃ¼d 167-169 now!ğŸ“§ Questions or need more info? contact.ch@citypop.com"
"Viktoriastrasse 29, 8057 ZÃ¼rich",1.5 Zimmer,23mÂ²,CHF 1â€™600.â€“,1.5 Room City Pop Apartment in Zurich-Oerlikon,"Deine flexible LÃ¶sung fÃ¼r lange und kÃ¼rzere Aufenthalte um dich wie zu Hause zu fÃ¼hlen.Wir bieten eine zentral gelegene Wohnung in ZÃ¼rich-Oerlikon an, von rund 23 Quadratmeter.Diese komplett mÃ¶blierte Wohnung garantiert ein authentisches WohngefÃ¼hl: Man kann sich entspannen, arbeiten, schlafen, kochen und essen.Im Preis ist folgendes INKLUSIVE- komplett mÃ¶bliert- voll ausgestattet- Ausgestattete KÃ¼che (Grosser KÃ¼hlschrank, SpÃ¼lmaschine, Ofen, Mikrowellen)- Wi-Fi Internetzugang (unlimitiert)- Smart TV (Excl. Serafe)- alle Nebenkosten inbegriffen (inkl. Strom, Warmwasser)- BettwÃ¤sche und HandtÃ¼cherDie Pop Wohnungen kÃ¶nnen ab 4 Wochen bis maximal 52 Wochen gebucht werden. Es steht eine breite Palette von Standard- und Zusatzdiensten zur VerfÃ¼gung, die z.B. Ã¼ber die City-Pop-App aktiviert werden kÃ¶nnen:- Reinigungsservice (wÃ¶chentlich, zweiwÃ¶chentlich); -- Kellerraum;- Parkplatz (intern und extern).Jeder Gast kann sich sein eigenes Angebot an Dienstleistungen zusammenstellen und anpassen, um seinen BedÃ¼rfnissen und seinem Lebensstil am besten gerecht zu werden.Es ist so einfach wie die Buchung eines Hotelzimmers! Um ein Apartment zu buchen: Lade unsere ""City Pop"" App herunter, wÃ¤hle deinen Buchungszeitraum (Check-in und Check-out); die verfÃ¼gbare Pop erscheinen; - schliesse deine Buchung ab!Wir freuen uns auf deine Buchung!Sollten Sie wÃ¤hrend des Buchungsvorgangs Probleme haben oder weitere Informationen benÃ¶tigen, zÃ¶gern Sie bitte nicht, uns unter contact.ch@citypop.com zu kontaktieren. Unser Team steht Ihnen gerne zur VerfÃ¼gung, um Ihnen behilflich zu sein.********Your flexible solution for long and short â€feel at homeâ€œ stays.We offer a centrally located apartment in Zurich-Oerlikon, of approximately 23 square meters.These furnished apartments guarantee an authentic living experience in which you can relax, work, sleep, cook and eat, all in an apartment that has the interior of a 4-stars hotel:- Complete furnished apartments with kitchen, living room, sleeping area and bathroom;- Complete inventory for kitchen (cutlery, glasses, plates, etc.);- Sleeping area with linen and bathroom towels;- Expenses included (electricity, water);- Fast Internet connection;- Smart TV (Serafe excluded);- Breakfast (croissant and coffee).But there is more! This fantastic and innovative living concept is free of contractual restrictions regarding the minimum length of stay: City Pop can be booked for 4 weeks up to a maximum of 52 weeks. A wide range of standard and additional services is available, which can be activated directly via our City-Pop-App:- Cleaning service (weekly, biweekly);- Storage;- Parking spot (internal).Each guest can create and adapt his or her own range of services to best fit his or her needs and lifestyle. It's as easy as booking a hotel room! To book an apartment and to check our availabilities, download our ""City Pop"" App, choose your booking period and you will have access to all available apartments in the period you want!We are looking forward to meet you soon at City Pop!If you encounter any difficulties during the booking process or need further information, please do not hesitate to contact us at contact.ch@citypop.com. Our team is at your service to provide assistance."
"Hagenholzstrasse 59, 8050 ZÃ¼rich",1.5 Zimmer,24mÂ²,CHF 2â€™185.â€“,"City Pop ZÃ¼rich Oerlikon â€“ Premium Living with Free Spa, Gym & Relax Area","Erleben Sie modernes Wohnen mit dem gewissen Extra: In unserem neuen GebÃ¤ude an der Hagenholzstrasse 59 in ZÃ¼rich Oerlikon erwartet Sie nicht nur ein stilvolles, voll mÃ¶bliertes Apartment, sondern auch ein hauseigener Spa-Bereich mit Sauna, Fitnessstudio und Relax-Zone â€“ alles kostenlos fÃ¼r unsere GÃ¤ste.ğŸ¡ Flexibel. Komfortabel. LuxuriÃ¶s. WÃ¤hlen Sie aus verschiedenen ApartmentgrÃ¶ÃŸen von 24 bis 54 mÂ² (S, M, XL, 2.5) â€“ ab nur CHF 510/Woche. Ideal fÃ¼r kurze oder lÃ¤ngere Aufenthalte ab 4 Wochen Mindestmietdauer.ğŸ›‹ï¸ Voll ausgestattete Apartments mit Stil: â€¢ KÃ¼che, Wohn- und Schlafbereich sowie Bad â€¢ Komplettes KÃ¼cheninventar (Teller, Besteck, GlÃ¤ser, TÃ¶pfe usw.) â€¢ Handtuchset, Wi-Fi und Smart-TV â€¢ Alle Nebenkosten inbegriffen ğŸ’† Einzigartig in ZÃ¼rich: Gratis Spa &amp; Erholung Als Gast profitieren Sie exklusiv von: â€¢ Sauna &amp; Relax-Zone fÃ¼r Ihre Entspannung â€¢ Fitnessbereich mit hochwertigen GerÃ¤ten â€¢ Moderne Co-Living- und Co-Working-Spaces ğŸ“² So funktioniert die Buchung in wenigen Schritten: â€¢ Laden Sie die City Pop App fÃ¼r iOS oder Android herunter â€¢ Erstellen Sie ein Konto â€¢ WÃ¤hlen Sie ZÃ¼rich, geben Sie Ihre Daten ein und buchen Sie direkt âœ¨ Ãœber die App kÃ¶nnen Sie weitere Services hinzufÃ¼gen, z.â€¯B.: â€¢ Reinigungsservice (wÃ¶chentlich oder 14-tÃ¤glich) â€¢ Kellerabteil â€¢ Parkplatz ğŸ¯ So einfach wie ein Hotel â€“ aber mit dem GefÃ¼hl von Zuhause.ğŸ”“ Buchungen sind jetzt geÃ¶ffnet! Sichern Sie sich Ihr Apartment in ZÃ¼rich Oerlikon und genieÃŸen Sie modernes Wohnen mit Wellness-Flair.ğŸ“© Fragen? Schreiben Sie uns gerne an contact.ch@citypop.com â€“ wir sind fÃ¼r Sie da! Wir freuen uns auf Sie an der Hagenholzstrasse 59!ENG_____________________________Welcome to a new standard of flexible living: Our brand-new location at Hagenholzstrasse 59 in Zurich Oerlikon offers you not just a modern, fully furnished apartment â€“ but also access to an in-house wellness area with sauna, gym, and relax lounge, all free of charge for our guests.ğŸ  Flexible. Comfortable. Premium. Choose between apartment sizes from 24 to 54 mÂ² (S, M, XL, 2.5) â€“ starting at just CHF 510/week. All stays have a minimum duration of 4 weeks.ğŸ›‹ï¸ Stylishly equipped apartments include: â€¢ Kitchen, living area, bedroom, and bathroom â€¢ Full kitchen inventory (plates, pots, cutlery, glasses, etc.) â€¢ Towels, Wi-Fi, and Smart TV â€¢ All utilities included ğŸ’† A unique offering in Zurich: Spa &amp; Relax â€“ for free Enjoy exclusive access to: â€¢ Sauna &amp; relax area for your wellbeing â€¢ Modern fitness studio â€¢ Co-living and co-working spaces to connect and create ğŸ“² How to book your stay: â€¢ Download the City Pop App for iOS or Android â€¢ Create your account â€¢ Select Zurich, enter your dates, and book directly âœ¨ Additional services are available via the app: â€¢ Cleaning service (weekly or biweekly) â€¢ Storage unit â€¢ Parking space ğŸ¯ Just like booking a hotel â€“ but with the feeling of home.ğŸ”“ Reservations are now open! Book your stay at City Pop ZÃ¼rich Oerlikon today and enjoy a premium lifestyle with wellness benefits.ğŸ“© Questions? Feel free to contact us at contact.ch@citypop.com â€“ we're happy to help! We canâ€™t wait to welcome you to Hagenholzstrasse 59!"
"Freiestrasse 47, 8032 ZÃ¼rich",4.5 Zimmer,123mÂ²,CHF 5â€™150.â€“,Charmante 4.5-Zimmer-Dachwohnung mit Terrasse in Hottingen,"Entdecken Sie diese einzigartige 4.5-Zimmer-Dachwohnung im 3. Stock eines historischen GebÃ¤udes aus dem Jahr 1889 an der Freiestrasse 47 in ZÃ¼rich-Hottingen. Die Wohnung wurde 2024 vollstÃ¤ndig renoviert und verbindet den Charme eines Altbaus mit modernstem Wohnkomfort auf 123 mÂ² WohnflÃ¤che.Die Wohnung besticht durch: â€¢ Moderne KÃ¼che: Stilvolle KÃ¼che mit grÃ¼ner KÃ¼cheninsel, hochwertigen GerÃ¤ten und GeschirrspÃ¼ler â€¢ Helle RÃ¤ume: Mehrere grosszÃ¼gige Zimmer mit HolzbÃ¶den, weissen WÃ¤nden und charakteristischen DachschrÃ¤gen â€¢ Zwei Badezimmer: Ein modernes Badezimmer mit grÃ¼nen Fliesen sowie ein zusÃ¤tzliches Duschbad mit Glasabtrennung â€¢ Private WaschkÃ¼che: Separater Waschraum mit Waschmaschine und Trockner â€¢ Balkon und Dachterrasse: Privater Aussenbereich mit schÃ¶ner Aussicht und GrÃ¼npflanzen â€¢ Besondere Fenster: Dreieckige Gaubenfenster und Dachfenster sorgen fÃ¼r viel natÃ¼rliches Licht Lage und Infrastruktur: Die Wohnung befindet sich in ruhiger Lage und ist dennoch bestens erschlossen. Die Tramhaltestelle Hottingerplatz ist nur 2 Gehminuten entfernt, der Bahnhof RÃ¶merhof in 8 Minuten erreichbar. Ein Spar-Supermarkt liegt 3 Minuten zu Fuss entfernt, die Dropa Apotheke Hottingen sogar nur 1 Minute. Das renommierte Literaturgymnasium &amp; Realgymnasium RÃ¤mibÃ¼hl ist in 4 Minuten erreichbar. Die Wohnung ist sonnig gelegen und profitiert von der ruhigen Umgebung.Diese aussergewÃ¶hnliche Dachwohnung ist sofort verfÃ¼gbar und eignet sich perfekt fÃ¼r Familien oder Paare, die das Besondere suchen. Haustiere sind willkommen."
"Molkenstrasse 17, 8004 ZÃ¼rich",2.5 Zimmer,72mÂ²,CHF 3â€™170.â€“,Erstvermietung â€“ Dein neues Zuhause am Helvetiaplatz,"Wir vermieten per sofort oder nach Vereinbarung diese frisch sanierte 2.5-Zimmerwohnung an Toplage. Das Objekt Ã¼berzeugt durch ihren modernen Ausbaustandard, einen durchdachten Grundriss und ein urbanes WohngefÃ¼hl mitten in ZÃ¼rich.Highlights der Wohnung: â€¢ Wohn- und Schlafzimmer mit Eichenparkettboden â€¢ GrosszÃ¼gige RÃ¤ume â€¢ Moderne KÃ¼che mit Induktions-Kochfeld, Backofen, KÃ¼hl-Gefrierkombination und GeschirrspÃ¼ler (Miele) â€¢ Dusche/WC â€¢ Reduit mit eigenem Waschturm â€¢ Einbauschrank im Korridor fÃ¼r optimalen Stauraum â€¢ Lift Lage und Umgebung:Der Helvetiaplatz steht fÃ¼r pulsierendes Stadtleben, kulturelle Vielfalt und urbane LebensqualitÃ¤t. Zahlreiche CafÃ©s, Bars, Take Aways, Kulturorte wie das Xenix oder Volkshaus sowie der beliebte Wochenmarkt befinden sich direkt vor Ihrer HaustÃ¼re und alles bequem zu Fuss erreichbar.Auch verkehrstechnisch lÃ¤sst diese Lage keine WÃ¼nsche offen: Die Tram- und Buslinien 2, 3, 8, 9, 14 und 32, der Hauptbahnhof, ZÃ¼rich-West und die Bahnhofstrasse sind in unmittelbarer NÃ¤he. Zudem profitieren Sie von einem hervorragenden Angebot an EinkaufsmÃ¶glichkeiten, Fitnessstudios, Apotheken und weiteren Dienstleistungen.Die gezeigten Bilder und Visualisierungen dienen als Muster und kÃ¶nnen vom tatsÃ¤chlichen Objekt abweichen.Weitere Informationen finden Sie auf der Projektwebseite NOVA: https://www.nova-zh.ch/"
"Hagenholzstr. 55, 8050 ZÃ¼rich",4.5 Zimmer,152mÂ²,CHF 6â€™205.â€“,Tower 55 - Modernes Wohnen,"Wir vermieten ab 01.12.2025 eine 4.5-Zimmerwohnung im 23. Stock mit edlem Ausbaustandard. - Ganze Wohnung mit Eichenholz-Parkett naturgebleicht - KÃ¼che mit Induktionskochfeld und GeschirrspÃ¼ler- Eigener Waschturm in der Wohnung- Kellerabteil sowie ein eigenes Reduit- Ein Lift vom UG bis zum obersten Geschoss, hindernisfrei - Zugang zu hausinternem Fitnessraum mit Sauna- BesucherparkplÃ¤tze sind in der Liegenschaft vorhanden- ParkplÃ¤tze anmietbar fÃ¼r CHF 190.00 pro Monat- E-ParkplÃ¤tze vorhanden fÃ¼r CHF 230.00 pro MonatFotos zeigen den Ausbau-Standard der Wohnung. Wir freuen uns Ã¼ber Ihre Anmeldung zu einem Besichtigungstermin."
"Kalkbreitestrasse 3, 8003 ZÃ¼rich",2.5 Zimmer,78mÂ²,CHF 3â€™990.â€“,Charmante Dachwohnung inkl. grosszÃ¼giger Dachterrasse im Herzen Wiedikons,"Die Liegenschaft befindet sich im Herzen von ZÃ¼rich-Wiedikon und verbindet historischen Charme mit modernem Wohnkomfort. Im 5. Obergeschoss (rechts) des sorgfÃ¤ltig umgebauten ehemaligen Uto-Kinos erwartet Sie eine einzigartige, neu erstellte Dachwohnung in moderner Holzbauweise. Diese besondere Wohnung kombiniert natÃ¼rlichen Charme mit zeitgemÃ¤ssen Materialien und einem durchdachten Raumkonzept, das ein warmes und behagliches WohngefÃ¼hl vermittelt.Ein absolutes Highlight ist die grosszÃ¼gige Dachterrasse, die Sie sich mit der zweiten Wohnung im gleichen Geschoss teilen. Von hier aus geniessen Sie eine wunderbare Aussicht Ã¼ber die DÃ¤cher von Wiedikon, ideal fÃ¼r entspannte Stunden im Freien, zum Sonnen oder fÃ¼r gemÃ¼tliche Abende an warmen Tagen.GrundrissWohnung West, 5. OG rechtsDie Wohnung Ã¼berzeugt durch: â€¢ hochwertige AusfÃ¼hrung in nachhaltiger Holzbauweise â€¢ lichtdurchflutete RÃ¤ume mit besonderer AtmosphÃ¤re â€¢ Zugang zur geteilten Dachterrasse â€¢ modernen Ausbau im Rahmen der aktuellen Gesamtsanierung BesichtigungstermineGerne vereinbaren wir bei Interesse einen Besichtigungstermin. Bitte kontaktieren Sie uns.BewerbungsprozessÃœber den Bewerbungsprozess werden Sie nach erfolgter AnmeldungsbestÃ¤tigung informiert."
"KÃ¤ferholzstr. 42, 8057 ZÃ¼rich",4.5 Zimmer,117mÂ²,CHF 4â€™140.â€“,Modernes wohnen im Guggachpark!,"Mitten im Kreis 6, wenige Gehminuten vom Bucheggplatz und unweit vom HÃ¶nggerberg und dem ETH-Campus vermieten wir per 31. Januar 2026 oder nach Vereinbarung eine grosszÃ¼gige 4.5-Zimmerwohnung.Die charmante Wohnung Ã¼berzeugt durch folgende Merkmale:- Ruhige, sonnige Wohnlage- Moderne KÃ¼che- Modernes Badezimmer- Kellerabteil vorhanden- Dusche/WCgood to know:- preisgÃ¼nstiger und Ã¶kologischer Solarstrom vom eigenen Dach- Diverse EinkaufsmÃ¶glichkeiten in unmittelbarer NÃ¤he- Guter Anschluss an die Ã¶ffentlichen Verkehrsmittel- Ein Einstellplatz kann auf Wunsch dazu gemietet werdenBitte beachten Sie, dass die Bilder nur den Ausbaustandard zeigen und nicht die Wohnung reprÃ¤sentieren!"
"Zeltweg 68, 8032 ZÃ¼rich",2.5 Zimmer,89mÂ²,CHF 3â€™990.â€“,Ihr Wohnjuwel an bester Lage,"Entdecken Sie die letze freie attraktive 2.5-Zimmer-Dachgeschoss-Wohnung mit einer WohnflÃ¤che bis zu ca. 89 mÂ², einem durchdachten Grundriss sowie einem zeitlosen und hochwertigen Innenausbau im Projekt ""Turmalin"" an bester Lage im lebhaften ZÃ¼rcher Quartier Hottingen.Highlights- GrosszÃ¼gige, private Dachterrasse, die zum Verweilen einlÃ¤dt- Hochwertiger, moderner Innenausbau und Materialisierung- Erstklassige Lage zwischen Kreuzplatz und Kunsthaus ZÃ¼rich- Perfekter Ausgangspunkt fÃ¼r sÃ¤mtliche FreizeitaktivitÃ¤ten in der Stadt- Nachhaltigkeit: Solaranlage und Erdsondenheizung (Bodenheizung mit Freecooling)- Hervorragende Anbindung: Bushaltestelle und Bahnhof Stadelhofen in unmittelbarer NÃ¤heDie monatliche Nettomiete liegt bei CHF 3'990, zuzÃ¼glich Nebenkosten von CHF 260.Auf www.turmalin-zh.ch finden Sie viele weitere spannende Informationen Ã¼ber das Projekt. Haben Sie Ihre Traumwohnung im Turmalin gefunden und mÃ¶chten Sie die Wohnung gerne besichtigen? Dann freuen wir uns auf Ihren Anruf.Werfen Sie einen Blick auf unsere anderen Angebote. Vielleicht ist Ihr Traumobjekt dabei.Seit Ã¼ber 50 Jahren beraten und begleiten wir unsere Kundinnen und Kunden auf dem Weg zu ihrer Wunschimmobilie. Unsere erfahrenen Mitarbeiterinnen und Mitarbeiter verbinden fundierte Marktkenntnisse mit Leidenschaft. Ãœberzeugen Sie sich von unserem Engagement und unserer Kompetenz und finden Sie mit uns Ihr neues Zuhause."
"Hofwiesenstrasse, 8050 ZÃ¼rich",3.5 Zimmer,125mÂ²,CHF 7â€™210.â€“,Urbane Penthouse Oase mit Hotelservices - Lifestyle auf hÃ¶chstem Niveau,"Wohnen Ã¼ber den DÃ¤chern von ZÃ¼rich - Exklusive 3.5 Zimmerwohnung auf 3 Etagen im Oerlikon ONE (25.-27. Etage)Sind Sie bereit, Ihren Wohnhorizont neu zu definieren? Willkommen in Ihrem privatem Townhouse - mitten in der Stadt und gleichzeitig hoch darÃ¼ber. Beginnen Sie den Tag mit einem FrÃ¼hstÃ¼ckskaffee und Blick auf die Alpen, geniessen Sie den Feierabend mit einem Glas Wein und der Skyline von ZÃ¼rich zu Ihren FÃ¼ssen. Diese aussergewÃ¶hnlichen 3.5-Zimmer-Triplex-Apartments in den obersten Etagen des Oerlikon ONE vereinen urbanen Lifestyle mit exklusivem Wohnen und spektakulÃ¤ren Panoramaperspektiven.Auf drei Wohnebenen entfaltet sich ein modernes, grosszÃ¼giges Raumkonzept, das sowohl RÃ¼ckzug als auch Offenheit bietet. Das absolute Highlight: die grosszÃ¼gige Panoramaterrasse hoch Ã¼ber dem Alltag; ein Ort fÃ¼r Ruhe, Inspiration und besondere Momente.Ausstattung &amp; Highlights - Exklusive Panoramaterrasse mit atemberaubender Fernsicht- Einzigartige Raumaufteilung auf drei Etagen, ideal fÃ¼r Singles, Paare oder kleine Familien- Moderne, grosszÃ¼gige KÃ¼che (GerÃ¤te Electrolux)- Drei stilvolle Badezimmer mit Badewanne und/oder Dusche- Eigene Waschmaschine &amp; Trockner in der Wohnung- KÃ¼che und Eingangsbereich: Plattenbelag, beige matt, Wohn- und Schlafzimmer: Eichenparkett - Separates Reduit fÃ¼r zusÃ¤tzlichen Stauraum- Zwei PersonenaufzÃ¼ge im GebÃ¤ude- TiefgaragenstellplÃ¤tze kÃ¶nnen dazu gemietet werdenEinziehen statt einrichten MÃ¶chten Sie sofort einziehen und sich den zeitaufwendigen MÃ¶belkauf sparen? Auf Wunsch besteht die MÃ¶glichkeit, die hochwertige MÃ¶blierung sowie die Beleuchtung zu Ã¼bernehmen. So geniessen Sie von Anfang an ein stilvoll eingerichtetes Zuhause, ganz ohne Stress.Services, welche durch das Mama Shelter Hotel (www.mamashelter.com/zurich/) im selben GebÃ¤ude angeboten werden: - Kostenlose Gym Nutzung fÃ¼r 1 Jahr - F&amp;B Rabatte - nach VerfÃ¼gbarkeit- Lieferungen aus dem Hotelrestaurant - gegen GebÃ¼hr- Spezialraten fÃ¼r Hotelzimmer - nach VerfÃ¼gbarkeit- Housekeeping Services - gegen GebÃ¼hr- Dry Cleaning Services - gegen GebÃ¼hrTop-Lage: ZÃ¼rich-Oerlikon Oerlikon ONE befindet sich im Herzen eines der dynamischsten Stadtteile ZÃ¼richs. EinkaufsmÃ¶glichkeiten, Restaurants, Kultur- und Freizeitangebote liegen in unmittelbarer NÃ¤he. Der Bahnhof Oerlikon ist in wenigen Gehminuten erreichbar und bietet erstklassige Verbindungen ins Stadtzentrum sowie zum Flughafen - perfekt fÃ¼r urbanes und internationales Wohnen.Mehr Informationen Projektwebseite: https://oerlikon.one/de/ Besichtigung vereinbaren MÃ¶chten Sie dieses aussergewÃ¶hnliche Penthouse persÃ¶nlich erleben? Kontaktieren Sie uns gerne per E-Mail unter vermarktung@smeyers.ch -wir freuen uns auf Ihre Anfrage!Living Above the Rooftops of Zurich ? Exclusive 3.5-Room Triplex Apartments at Oerlikon ONE (25th?27th Floors) Are you ready to redefine your living horizon?Welcome to your private townhouse ? right in the heart of the city and yet high above it all.Start your day with a morning coffee and views of the Alps, and unwind in the evening with a glass of wine while Zurich?s skyline stretches out beneath your feet. These exceptional 3.5-room triplex apartments on the top floors of Oerlikon ONE combine an urban lifestyle with exclusive living and breathtaking panoramic views.Spread across three living levels , a modern and generous floor plan unfolds, offering both privacy and openness. The absolute highlight: the spacious panoramic terrace, far above everyday life ? a place for tranquility, inspiration, and unforgettable moments.Features &amp; Highlights - Exclusive panoramic terrace with spectacular long-distance views- Unique three-level layout ? ideal for singles, couples, or small families- Modern, spacious kitchen (Electrolux appliances), matte beige tiled flooring- Three stylish bathrooms with bathtub and/or shower- Private washing machine &amp; dryer within the apartment- Kitchen and entrance area with matte beige tiles; living and bedrooms with oak parquet flooring- Separate storage room (rÃ©duit) for additional space- Two passenger elevators in the building- Underground parking spaces available for rentMove In Instead of Furnishing Would you like to move in immediately and avoid the time-consuming process of buying furniture? Upon request, the high-quality furnishings and lighting can be taken over. Enjoy a stylishly furnished home from day one ? completely stress-free.Services Provided by the Mama Shelter Hotel (located in the same building): - Free gym access for 1 year- F&amp;B discounts ? subject to availability- Food delivery from the hotel restaurant ? for a fee- Special rates for hotel rooms ? subject to availability- Housekeeping services ? for a fee- Dry cleaning services ? for a feePrime Location: Zurich-Oerlikon Oerlikon ONE is located in the heart of one of Zurich?s most dynamic districts. Shopping, restaurants, cultural venues, and leisure facilities are all within immediate reach.Zurich Oerlikon railway station is just a few minutes? walk away and offers excellent connections to the city center and the airport ? perfect for urban and international living.More InformationProject website: https://oerlikon.one/en/Arrange a ViewingWould you like to experience this exceptional penthouse in person?Feel free to contact us by email at vermarktung@smeyers.ch ? we look forward to hearing from you!"
"Bellerivestrasse, 8008 ZÃ¼rich",3.5 Zimmer,115mÂ²,CHF 3â€™500.â€“,"Fully Furnished 3.5-Room Apartment with Lake View, Zurich Seefeld","Fully Furnished 3.5-Room Apartment with Lake View, Zurich SeefeldThis attractive, renovated, and fully furnished period apartment is located in one of Zurichâ€™s most sought-after residential areas, Seefeld. All three rooms face the lake, providing a pleasant and tranquil living atmosphere.The apartment comprises a living room, a study, and a bedroom. High-quality furnishings include complete furniture, a flat-screen television, as well as fixed-line and fiber-optic internet connections. Bi-weekly cleaning services are included in the rent.The apartment is situated in the popular lifestyle district of Seefeld, renowned for its diverse culinary offerings and numerous leisure opportunities. Tram stops for lines 11 and 15 are approximately a two-minute walk away, while Zurich Tiefenbrunnen railway station can be reached in about five minutes.The property is ideally suited for a single person or a couple.Interested parties are kindly requested to submit their complete application dossier, including proof of financial solvency, by email to the designated contact person. Applications with complete documentation will be given preference.Contact: lenz.sarina@gmail.comDiese attraktive, renovierte und vollstÃ¤ndig mÃ¶blierte Altbauwohnung befindet sich in einer der bevorzugtesten Wohnlagen ZÃ¼richs, im Seefeld. SÃ¤mtliche drei Zimmer sind zum See ausgerichtet und bieten eine angenehme WohnatmosphÃ¤re.Die Wohnung verfÃ¼gt Ã¼ber ein Wohnzimmer, ein BÃ¼ro sowie ein Schlafzimmer. Zur hochwertigen Ausstattung gehÃ¶ren das komplette Mobiliar, ein Flachbildfernseher sowie ein Festnetz- und Glasfaser-Internetanschluss. Eine Reinigung alle zwei Wochen ist im Mietzins inbegriffen.Das Apartment liegt im beliebten Lifestyle-Quartier Seefeld, das durch ein vielfÃ¤ltiges gastronomisches Angebot sowie zahlreiche FreizeitmÃ¶glichkeiten Ã¼berzeugt. Die Strassenbahnhaltestellen der Linien 11 und 15 sind in ca. zwei Gehminuten erreichbar, der Bahnhof ZÃ¼rich Tiefenbrunnen in etwa fÃ¼nf Minuten.Die Wohnung eignet sich ideal fÃ¼r eine Einzelperson oder ein Paar.Interessenten werden gebeten, ihr vollstÃ¤ndiges Bewerbungsdossier inklusive BonitÃ¤tsnachweis per E-Mail an die zustÃ¤ndige Kontaktperson zu senden. Bewerbungen mit vollstÃ¤ndigen Unterlagen werden bevorzugt berÃ¼cksichtigt.Kontakt: lenz.sarina@gmail.com"
"Badenerstrasse 682, 8048 ZÃ¼rich",2.5 Zimmer,88mÂ²,CHF 3â€™250.â€“,Wohnen Ã¼ber den DÃ¤chern von Altstetten,"Im Projekt Â«TILIAÂ» finden Sie 72 stilvolle 1.5 bis 4.5-Zimmer-Wohnungen und GewerbeflÃ¤chen im Erdgeschoss.Das von den renommierten Basler Architekten Herzog &amp; de Meuron entworfene Projekt steht fÃ¼r hochwertige Verdichtung mit vielfÃ¤ltigen Grundrisstypologien in hoher QualitÃ¤t.Â Die 2.5-Zimmer-Wohnung bietet folgende VorzÃ¼ge: â€¢ Helle RÃ¤ume: alle Zimmer verfÃ¼gen Ã¼ber hochwertige ParkettbÃ¶den und grosse Fenster fÃ¼r viel natÃ¼rliches Licht â€¢ Moderne KÃ¼che: mit Induktions-Kochfeld, Backofen, KÃ¼hl- Gefrierkombination und GeschirrspÃ¼ler â€¢ Stilvolles Badezimmer: keramische Platten in edlem Indigo und Weiss, hochwertige Lavabos und eine Regendusche schaffen eine harmonische WohlfÃ¼hlatmosphÃ¤re â€¢ Private Loggia: lÃ¤dt zum Verweilen ein, wÃ¤hrend die atemberaubende Weitsicht fÃ¼r entspannte Momente sorgt â€¢ Praktische Ausstattung: die Wohnung verfÃ¼gt Ã¼ber einen eigenen Waschturm und ein grosszÃ¼giges Reduit Altstetten ist ein aufstrebender Stadtteil, der das Beste aus stÃ¤dtischen Leben und Naherholungsgebiet verbindet. Hier finden Sie LebensqualitÃ¤t: EinkaufsmÃ¶glichkeiten, Restaurants, Sporteinrichtungen, Hallen- und Freibad, Schulen und Weiteres in Gehdistanz<span id=""acw_response_data"" aria-hidden=""true"" style=""width: 0; height: 0; overflow: hidden; display: inline-block; opacity: 0""> 0294 55 166 7 08 58 061 cd</span>.Â Haben wir Ihr Interesse geweckt?Gerne stehen wir Ihnen bei Fragen zur VerfÃ¼gung und wÃ¼rden uns freuen Sie als neuen Mieter begrÃ¼ssen zu dÃ¼rfen."
"Freihofstrasse 23, 8048 ZÃ¼rich",2.5 Zimmer,60mÂ²,CHF 2â€™620.â€“,Neubau: ALTO - Wohnen auf der HÃ¶he der Zeit,"Im boomenden Kreis 9 in ZÃ¼rich wÃ¤chst etwas Grossartiges heran: ALTO, ein 80 Meter hoher Turm mit 149 Mietwohnungen zwischen 1.5 und 4.5 Zimmern. Hier geniessen Sie nicht nur einen spektakulÃ¤ren Blick auf die City Skyline, sondern auch modernen Wohnkomfort auf hÃ¶chstem Niveau. Der Bezugstermin ist ab Mitte MÃ¤rz und April 2026 geplant.Â Projekt-Highlights: â€¢ 149 Mietwohnungen in verschiedenen GrÃ¶ssen (1.5 bis 4.5 Zimmer) â€¢ 80 Meter hoch - beeindruckende Architektur mit Weitblick â€¢ Vier-Jahreszeiten-Zimmer: InnenrÃ¤ume, in denen die Grenze zwischen Innen- und Aussenraum durch grosse Fensterfronten verschwindet â€¢ Mietbare Terrasse im 1. OG - ein Ort der Erholung und Begegnung, ausgerichtet nach SÃ¼dwesten â€¢ Stadtloggia als lebendiger Quartiertreff - fÃ¶rdert den Austausch unter den Bewohnerinnen und Bewohnern â€¢ LebensmittelgeschÃ¤ft Lidl direkt im GebÃ¤ude - tÃ¤glicher Einkauf bequem und zeitsparend â€¢ Nachhaltige Bauweise â€¢ Mietbare GemeinschaftsrÃ¤ume im 1. OG - Raum fÃ¼r KreativitÃ¤t und Austausch Wohnungsmix â€¢ 19x 1.5 Zimmer-Wohnungen Zwischen CHF 2'260.00 &amp; 2'630.00 â€¢ 76x 2.5 Zimmer-Wohnungen Zwischen CHF 2'620.00 &amp; 3'960.00 â€¢ 30x 3.5 Zimmer-Wohnungen Zwischen CHF 3'660.00 &amp; 3'970.00 â€¢ 24x 4.5 Zimmer-Wohnungen Zwischen CHF 4'090.00 &amp; 4'860.00 LebensqualitÃ¤t und GemeinschaftDer ALTO-Tower bietet nicht nur ein schÃ¶nes Zuhause mit viel PrivatsphÃ¤re, sondern auch zahlreiche MÃ¶glichkeiten fÃ¼r den sozialen Austausch. Die grosszÃ¼gigen mietbaren GemeinschaftsrÃ¤ume und der Dachgarten im 1. OG dienen als Orte der Begegnung und Erholung. Durch die Stadtloggia wird der ALTO-Tower zu einem lebendigen Treffpunkt fÃ¼r das gesamte Quartier.Â Nachhaltigkeit im FokusALTO wird SNBS-Gold zertifiziert und erfÃ¼llt somit hohe Nachhaltigkeitsanforderungen.Â Jetzt bewerben!Es ist soweit - abÂ sofort ist das vollstÃ¤ndige Wohnungsangebot online verfÃ¼gbar. Nutzen Sie jetzt Ihre Chance undÂ sichern Sie sich Ihre Traumwohnung. Besuchen Sie unsere Webseite www.alto-tower.ch, um mehr Ã¼ber das Projekt zu erfahren und sich direkt zu bewerben. Der Bezug der Wohnungen ist ab Mitte MÃ¤rz und April 2026 geplant. Wir freuen uns auf Ihre Bewerbung!"
"Schwingerstrasse 5, 8006 ZÃ¼rich",2.5 Zimmer,70mÂ²,CHF 3â€™600.â€“,Ãœber den DÃ¤chern von ZÃ¼rich,"Die Penthouse-Wohnung ist in einem ruhigen, kleinen Mehrfamilienhaus oberhalb der Flussbadi Oberer Letten, nahe zu ETH und Uni. Sie wurde soeben anlÃ¤sslich einer Dachaufstockung neu gebaut. Entstanden ist eine nordisch anmutende Wohnung mit Blick Ã¼ber die Stadt ZÃ¼rich zum Ãœetliberg. Mit dem Wohnungseingang, welcher ein Geschoss tiefer liegt, der einfachen Materialwahl und den hohen RÃ¤umen (2.8m bis zum First) entsteht ein grosszÃ¼giges RaumgefÃ¼hl. Die Wohnung hat 2.5 Zimmer und 70m2 BodenflÃ¤che. Sie verfÃ¼gt Ã¼ber eine eigene Waschmaschine / Tumbler, KÃ¼che mit GeschirrspÃ¼hler, CheminÃ©e, Balkon und ein separates Reduit. Sie ist einfach und schlicht mÃ¶bliert; nebst dem grossen Doppelbett im gemÃ¼tlichen Schlafzimmer kann zusÃ¤tzlich das Sofa zu einem Bettsofa umgebaut werden, so dass auch mal bis zu vier Personen Ã¼bernachten kÃ¶nnen.Die Wohnung wird befristet vermietet, mind. 3 Monate und maximal 2 Jahre.Besichtigung und Kontakt â€¢ Besichtigung Samstag gemÃ¤ss persÃ¶nlicher Vereinbarung â€¢ Kontakt Peter Moor â€¢ Email: info@petermoor.ch FAQs zum Kontakt"
"Diggelmannstrasse 33, 8047 ZÃ¼rich",2 Zimmer,44mÂ²,CHF 2â€™400.â€“,2-Zimmer-Studio (inkl. Tiefgaragenplatz und Nebenkosten) in Albisrieden,N/A
"Buchholzstrasse 13, 8053 ZÃ¼rich",5.5 Zimmer,122mÂ²,CHF 4â€™650.â€“,Erstvermietung Neubau: 5.5-Zimmer Wohnung im Wohnpark Buchholzstrasse,N/A
"Buchholzstrasse 9, 8053 ZÃ¼rich",3.5 Zimmer,79mÂ²,CHF 3â€™100.â€“,Erstvermietung Neubau: luxuriÃ¶se 3.5-Zimmerwohnung im Wohnpark Buchholzstrasse,N/A
8003 ZÃ¼rich,2.5 Zimmer,76mÂ²,CHF 3â€™090.â€“,Neubau: ALTO - Wohnen auf der HÃ¶he der Zeit,"Im boomenden Kreis 9 in ZÃ¼rich wÃ¤chst etwas Grossartiges heran: ALTO, ein 80 Meter hoher Turm mit 149 Mietwohnungen zwischen 1.5 und 4.5 Zimmern direkt neben dem Stadion Letzigrund. Hier geniessen Sie nicht nur einen spektakulÃ¤ren Blick auf die City Skyline, sondern auch modernen Wohnkomfort auf hÃ¶chstem Niveau. Der Bezugstermin ist ab Mitte MÃ¤rz und April 2026 geplant.Â Projekt-Highlights: â€¢ 149 Mietwohnungen in verschiedenen GrÃ¶ssen (1.5 bis 4.5 Zimmer) â€¢ 80 Meter hoch - beeindruckende Architektur mit Weitblick â€¢ Vier-Jahreszeiten-Zimmer: InnenrÃ¤ume, in denen die Grenze zwischen Innen- und Aussenraum durch grosse Fensterfronten verschwindet â€¢ Mietbare Terrasse im 1. OG - ein Ort der Erholung und Begegnung, ausgerichtet nach SÃ¼dwesten â€¢ Stadtloggia als lebendiger Quartiertreff - fÃ¶rdert den Austausch unter den Bewohnerinnen und Bewohnern â€¢ LebensmittelgeschÃ¤ft Lidl direkt im GebÃ¤ude - tÃ¤glicher Einkauf bequem und zeitsparend â€¢ Nachhaltige Bauweise â€¢ Mietbare GemeinschaftsrÃ¤ume im 1. OG - Raum fÃ¼r KreativitÃ¤t und Austausch Wohnungsmix â€¢ 19x 1.5 Zimmer-Wohnungen Zwischen CHF 2'260.00 &amp; 2'630.00 â€¢ 76x 2.5 Zimmer-Wohnungen Zwischen CHF 2'620.00 &amp; 3'960.00 â€¢ 30x 3.5 Zimmer-Wohnungen Zwischen CHF 3'660.00 &amp; 3'970.00 â€¢ 24x 4.5 Zimmer-Wohnungen Zwischen CHF 4'090.00 &amp; 4'860.00 LebensqualitÃ¤t und GemeinschaftDer ALTO-Tower bietet nicht nur ein schÃ¶nes Zuhause mit viel PrivatsphÃ¤re, sondern auch zahlreiche MÃ¶glichkeiten fÃ¼r den sozialen Austausch. Die grosszÃ¼gigen mietbaren GemeinschaftsrÃ¤ume und der Dachgarten im 1. OG dienen als Orte der Begegnung und Erholung. Durch die Stadtloggia wird der ALTO-Tower zu einem lebendigen Treffpunkt fÃ¼r das gesamte Quartier.Â Nachhaltigkeit im FokusALTO wird SNBS-Gold zertifiziert und erfÃ¼llt somit hohe Nachhaltigkeitsanforderungen.Â Jetzt bewerben!Es ist soweit - abÂ sofort ist das vollstÃ¤ndige Wohnungsangebot online verfÃ¼gbar. Nutzen Sie jetzt Ihre Chance undÂ sichern Sie sich Ihre Traumwohnung. Besuchen Sie unsere Webseite www.alto-tower.ch, um mehr Ã¼ber das Projekt zu erfahren und sich direkt zu bewerben. Der Bezug der Wohnungen ist ab Mitte MÃ¤rz und April 2026 geplant. Wir freuen uns auf Ihre Bewerbung!"
"Buchholzstrasse 13, 8053 ZÃ¼rich",4.5 Zimmer,93mÂ²,CHF 4â€™070.â€“,Erstvermietung Neubau: 4.5-Zimmer Wohnung im Wohnpark Buchholzstrasse,N/A
"Roswiesenstrasse 133, 8051 ZÃ¼rich",4.5 Zimmer,124mÂ²,CHF 3â€™830.â€“,N/A,N/A
"Hofwiesenstrasse, 8057 ZÃ¼rich",6 Zimmer,158mÂ²,CHF 6â€™630.â€“,Moderne 6-Zimmer-Dachwohnung mit Panoramablick in ZÃ¼rich Affoltern,"Entdecken Sie diese aussergewÃ¶hnliche 6-Zimmer-Dachwohnung im 6. Stock eines modernen GebÃ¤udes aus dem Jahr 2016 an der Hofwiesenstrasse. Mit grosszÃ¼gigen 158 mÂ² WohnflÃ¤che bietet diese lichtdurchflutete Wohnung hÃ¶chsten Wohnkomfort und eine wunderschÃ¶ne Aussicht.Die Wohnung Ã¼berzeugt mit: â€¢ GrosszÃ¼gige Raumaufteilung: 6 Zimmer bieten vielfÃ¤ltige NutzungsmÃ¶glichkeiten fÃ¼r Familien oder als Home-Office â€¢ Privater Balkon: Perfekt zum Entspannen mit herrlicher Aussicht â€¢ Moderne Ausstattung: Minergie-zertifiziert fÃ¼r optimale Energieeffizienz â€¢ Komfortable Infrastruktur: Lift, Garage und Parkplatz vorhanden â€¢ Barrierefreier Zugang: RollstuhlgÃ¤ngig ausgestattet â€¢ Haustierfreundlich: Ihre vierbeinigen Familienmitglieder sind willkommen Lage und Umgebung: Die Wohnung befindet sich in ruhiger Lage mit ausgezeichneter Verkehrsanbindung. Die Tramhaltestelle Hirschwiesenstrasse ist nur 2 Gehminuten entfernt, Diese sonnige und ruhige Dachwohnung vereint modernen Wohnkomfort mit praktischer Lage und ist sofort verfÃ¼gbar. Ideal fÃ¼r Familien oder alle, die grosszÃ¼giges Wohnen in zeitgemÃ¤sser Ausstattung suchen."
"Hofwiesenstrasse, 8057 ZÃ¼rich",6 Zimmer,158mÂ²,CHF 6â€™630.â€“,Exklusive Attika-/Maisonette mit Stadtblick in ZÃ¼rich,"Zur Vermietung steht eine attraktive, moderne 6-Zimmer-Maisonette-Wohnung in begehrter Attika-Lage. Die Wohnung Ã¼berzeugt durch ihren hellen Ausbau, moderne Materialien und eine hervorragende Fernsicht.Die Liegenschaft befindet sich in exzellenter Lage, nur 2 Gehminuten vom Verkehrsknotenpunkt Bucheggplatz entfernt.Ausstattung &amp; Merkmale:â€¢ Typ: Attika-Maisonette (auf 2 Ebenen)â€¢ Zimmer: 6â€¢ Nasszellen: 2x WC/Dusche (modern ausgestattet)â€¢ Ambiente: Sehr hell, grosse Fensterfronten, moderne BodenbelÃ¤geâ€¢ Aussenbereich: Tolle Aussicht, 3 Terrasseâ€¢ Parken: 2 ParkplÃ¤tze vorhanden jeweils fÃ¼r 230.- CHF/MonateEine seltene Gelegenheit fÃ¼r urbane Menschen, die viel Platz benÃ¶tigen und zentral wohnen mÃ¶chten.Ãœberzeugen Sie sich selbst von QualitÃ¤t und Weitsicht. Gerne zeigen wir Ihnen diese exklusive Maisonette bei einer privaten Besichtigung.â€œ"
"Herrligstrasse 7, 8048 ZÃ¼rich",3.5 Zimmer,84mÂ²,CHF 3â€™940.â€“,Urbanes Wohnen in ZÃ¼rich Altstetten  moderne 3.5-Zimmer-Neubauwohnung,"loomi-altstetten.ch mittendrin. Zuhause.Mitten im lebendigen ZÃ¼rich Altstetten entsteht Loomi ein modernes Wohnprojekt fÃ¼r alle, die das Stadtleben lieben und gleichzeitig Wert auf QualitÃ¤t, Nachbarschaft und RÃ¼ckzug legen. Hier findest du 43 stilvolle Mietwohnungen mit 1.5 bis 4.5 Zimmern, durchdachten Grundrissen, viel Licht, hochwertigen Materialien und einer eigenen Loggia in jeder Wohnung. Begegnungszonen und ein Spielplatz machen dein Zuhause auch draussen erlebbar.Dein neues Zuhause im Ãœberblick: â€¢ 10 Ã— 1.5-Zimmer-Wohnungen, ca. 36 mÂ² â€¢ 19 Ã— 2.5-Zimmer-Wohnungen, ca. 45 mÂ² â€¢ 7 Ã— 3.5-Zimmer-Wohnungen, ca. 78 mÂ² â€¢ 7 Ã— 4.5-Zimmer-Wohnungen, ca. 99 mÂ² Wohnen mit allem, was du brauchst: â€¢ EinkaufsmÃ¶glichkeiten und Ã–V in Gehdistanz â€¢ Hochwertige Ausstattung und stilvolle Architektur â€¢ BegrÃ¼nte AussenrÃ¤ume und ein eigener Spielplatz Perfekt angebunden mitten in ZÃ¼rich AltstettenAlle aktuellen Informationen zum Projekt findest du auf www.loomi-altstetten.chDort kannst du dich auch gleich auf deine Wunschwohnung online Bewerben. Loomi wo das Leben einfach funktioniert."
"Weinbergstrasse 45, 8006 ZÃ¼rich",2.5 Zimmer,94mÂ²,CHF 5â€™400.â€“,N/A,N/A
"GÃ¶tzstrasse 19, 8006 ZÃ¼rich",2.5 Zimmer,68mÂ²,CHF 3â€™390.â€“,N/A,N/A
"DÃ¼bendorfstrasse 311, 8051 ZÃ¼rich",4.5 Zimmer,124mÂ²,CHF 5â€™200.â€“,Erstvermietung 4.5-Zimmer-Attika-Wohnung mit 2 Terrassen,N/A
"Dienerstrasse 43, 8004 ZÃ¼rich",1.5 Zimmer,35mÂ²,CHF 2â€™750.â€“,N/A,N/A
"Gubelstrasse 64, 8050 ZÃ¼rich",2.5 Zimmer,55mÂ²,CHF 3â€™100.â€“,N/A,N/A
"Dienerstrasse 50, 8004 ZÃ¼rich",3.5 Zimmer,N/A,CHF 3â€™390.â€“,N/A,N/A
"BÃ¤ckerstrasse 60, 8004 ZÃ¼rich",2.5 Zimmer,56mÂ²,CHF 3â€™440.â€“,N/A,N/A
"Bucheggstr. 130, 8057 ZÃ¼rich",4.5 Zimmer,125mÂ²,CHF 4â€™790.â€“,Moderne Attikawohnung mit Charakter im urbanen Kreis 6,"Per sofort oder nach Vereinbarung vermieten wir diese stilvolle, grosszÃ¼gig geschnittene Attikawohnung mit offenem Grundriss und besonderem Flair. Ideal fÃ¼r alle, die ein aussergewÃ¶hnliches Wohnkonzept mit hochwertigem Ausbaustandard und urbanem LebensgefÃ¼hl schÃ¤tzen.Hier gelangen Sie zum 3D-Rundgang; https://my.matterport.com/show/?m=vg9ftwLeHmJ- Offenes Wohnkonzept - Moderne KÃ¼che &amp; zwei stilvolle BÃ¤der (Dusche/WC &amp; Doppelwaschtisch)- FlÃ¤che fÃ¼r eigenen Waschturm in der Wohnung- Zwei Terrassen mit Weitsicht- Kellerabteil inklusive- Aufzug vorhandenBesonderheit: Architektonisch gestaltete LichtÃ¶ffnungen in der Decke beim Treppenaufgang &amp; im Bad im OG sorgen fÃ¼r viel Tageslicht und einen einzigartigen Wohncharakter.Top Lage: Nahe Bucheggplatz, ETH HÃ¶nggerberg &amp; Ã–V. EinkaufsmÃ¶glichkeiten in direkter Umgebung."
"Paulstrasse 2, 8008 ZÃ¼rich",3.5 Zimmer,110mÂ²,CHF 4â€™953.â€“,Modernes 3.5-Zimmer-Apartment mit Balkon in Top-Lage ZÃ¼rich,N/A
"Jungstrasse 6, 8050 ZÃ¼rich",4.5 Zimmer,132mÂ²,CHF 6â€™570.â€“,ERSTVERMIETUNG - Stilvoll wohnen â€“  mit Tag der offenen TÃ¼r,N/A
"BinzmÃ¼hlestrasse 227, 8046 ZÃ¼rich",5.5 Zimmer,160mÂ²,CHF 4â€™500.â€“,5.5 Zimmer Doppel-Einfamilienhaus,"Beschreibung:FÃ¼r weitere Informationen oder zur Vereinbarung eines Besichtigungstermins wenden Sie sich bitte direkt an Herrn Ch. BÃ¶hm unter der Telefonnummer 079 423 59 53.Liebevoll renovierte DoppelhaushÃ¤lfte mit idyllischem Eigengarten.Dieses liebevoll renovierte und gut unterhaltene Doppeleinfamilienhaus vereint heimeligen Wohncharakter, modernen Komfort und eine Ideale Lage. Der lauschige Garten bietet Platz zum Entspannen, Spielen oder GÃ¤rtnern. Ein eigener Parkplatz direkt vor dem Haus ist inklusive.Der Bahnhof Oerlikon ist in unmittelbarer NÃ¤he, Ã¶ffentliche Verkehrsmittel wie S-Bahn, Tram und Bus sind schnell erreichbar, und die Innenstadt ZÃ¼richs liegt nur wenige Minuten entfernt. Zahlreiche Naherholungsgebiete direkt vor der TÃ¼r ermÃ¶glichen Freizeit und Erholung in der Natur, wÃ¤hrend Sie gleichzeitig das urbane Leben ZÃ¼richs geniessen kÃ¶nnen.Erdgeschoss: Das HerzstÃ¼ck des Hauses bildet das helle und einladende Wohnzimmer, der Wohnkomfort und GemÃ¼tlichkeit vereint. Der grosszÃ¼gige Eingangsbereich kann flexibel als Essbereich genutzt werden. Die gut ausgestattete KÃ¼che lÃ¤dt zum Kochen ein, ein GÃ¤ste-WC ergÃ¤nzt das Raumangebot. Durchgehend im Haus verlegt ist ein schÃ¶ner Laminat, die geschwungene Holztreppe fÃ¼hrt ins Obergeschoss.Obergeschoss: Drei Schlafzimmer schaffen RÃ¼ckzugsorte mit WohlfÃ¼hlcharakter. Das Badezimmer ist modern ausgestattet und verfÃ¼gt Ã¼ber eine Badewanne. Dachgeschoss: Das Dachgeschoss wurde ausgebaut zu einem wunderbaren Dachzimmer mit Dusche, Lavabo und WC. Untergeschoss: .	BÃ¼ro oder GÃ¤stezimmer.	Zwei KellerrÃ¤ume.	Wirtschaftsraum mit Waschmaschine, Tumbler und Lavabo.	Technikraum mit Boiler und Heizung (FernwÃ¤rme)Diese RÃ¤ume sorgen fÃ¼r Ordnung und hohe FunktionalitÃ¤t.Dieses Haus ist perfekt fÃ¼r kleine Familien, Paare oder Einzelpersonen, die ein Zuhause mit Eigenheimcharakter, viel PrivatsphÃ¤re und WohlfÃ¼hlatmosphÃ¤re suchen - hier sind auch Haustiere herzlich willkommen! Herr Christian BÃ¶hm zeigt Ihnen die Immobilie gerne persÃ¶nlich. Ausstattung:Kontakt:Interessenten sind herzlich eingeladen, mit uns Kontakt aufzunehmen.Rufen Sie unseren Herrn Christian BÃ¶hm unter Telefon, 079 423 59 53 persÃ¶nlich an, wenn Sie zusÃ¤tzliche Informationen oder eine unverbindliche Besichtigung wÃ¼nschen.Wir freuen uns, Sie bei der ErfÃ¼llung Ihrer WohntrÃ¤ume begleiten zu dÃ¼rfen."
"Seefeldstrasse 249, 8008 ZÃ¼rich",3.5 Zimmer,99mÂ²,CHF 4â€™399.â€“,SchÃ¶ne Wohnung mit Balkon im Seefeld,"LageZÃ¼rich ist eine Stadt, die sicher jedem etwas zu bieten hat, sei es wegen der einmaligen Lage am ZÃ¼richsee, dem Alpenpanorama oder den verschiedenen Naherholungsgebieten. Nicht zu vergessen ist auch die vielfÃ¤ltige Palette an EinkaufsmÃ¶glichkeiten, diversen Sport-/FreizeitaktivitÃ¤ten sowie die bunte Palette an den verschiedensten kulturellen Angeboten.Im Seefeld, wo sich Ihr neues Zuhause befindet, sind Sie umgeben von Park- und Quai-Anlagen, dem Chinagarten und vielem mehr. Die beiden SeebÃ¤der Tiefenbrunnen und Utoquai, der Botanische Garten sowie die ehemalige Bierbrauerei und MÃ¼hle, die heute als Kultur- und Begegnungszentrum genutzt wird, runden dieses Bild noch ab. Sie werden sich im Seefeld, nicht nur wegen der gut funktionierenden Infrastrukturen und der verschiedenen EinkaufsmÃ¶glichkeiten ganz wie Daheim fÃ¼hlen.Eine grosse Palette an EinkaufsmÃ¶glichkeiten, diverse Sport- und FreizeitaktivitÃ¤ten sowie ein breit gefÃ¤chertes kulturelles Angebot runden dieses Bild ab. Auch zu erwÃ¤hnen sind die hervorragenden Infrastrukturen und die LebensqualitÃ¤t, welche zur Dynamik des persÃ¶nlichen Lebens beitragen.Ein Rundgang durch die WohnungDer durchdachte Grundriss lÃ¤sst Ihnen die Freiheit, sich auf ca. 99 m2 individuell einzurichten und der Wohnung Ihre persÃ¶nliche Note zu verleihen. Die Wohnung verfÃ¼gt Ã¼ber eine helle KÃ¼che, ein gerÃ¤umiges Wohnzimmer und ein Schlafzimmer. Der Bodenbelag und die hellen RÃ¤ume sorgen fÃ¼r ein angenehmes Wohnklima. Weitere VorzÃ¼ge dieser Wohnung sind:- GrosszÃ¼giges Wohnzimmer- KÃ¼che- 2 Zimmer- Balkon- Bad/WC- schÃ¶ne AussichtDetailsEs ist mÃ¶glich eine Garagenbox ab CHF 308.00 zu mieten. Zudem haben Sie die MÃ¶glichkeit mit den nah gelegenen Ã–V's schnell an jedes gewÃ¼nschte Ziel zu gelangen.Anschreiben. Besichtigen. Mieten.MÃ¶chten Sie kÃ¼nftig den Tag in See-NÃ¤he abschliessen?Bitte melden Sie sich fÃ¼r einen Besichtigungstermin bei der Verwaltung:Tel: 058 280 86 77E-Mail: susanne.andronic@helvetia.chAls Mieter von Helvetia profitieren Sie von 40% Rabatt auf Ihre erste JahresprÃ¤mie fÃ¼r ausgewÃ¤hlte Helvetia Versicherungsprodukte!Bei den publizierten Bildern handelt es sich um typenÃ¤hnliche / typengleiche Wohnungen. Abweichungen zum effektiven Angebot sind deshalb mÃ¶glich.Weitere interessante Mietobjekte finden Sie unter: www.helvetia.ch/miete"
"Seefeldstrasse 239, 8008 ZÃ¼rich",3.5 Zimmer,99mÂ²,CHF 4â€™465.â€“,3.5-Zimmer-Dachwohnung mit toller Seesicht,"LageZÃ¼rich ist eine Stadt, die sicher jedem etwas zu bieten hat, sei es wegen der einmaligen Lage am ZÃ¼richsee, dem Alpenpanorama oder den verschiedenen Naherholungsgebieten. Nicht zu vergessen ist auch die vielfÃ¤ltige Palette an EinkaufsmÃ¶glichkeiten, diversen Sport-/FreizeitaktivitÃ¤ten sowie die bunte Palette an den verschiedensten kulturellen Angeboten.Im Seefeld, wo sich Ihr neues Zuhause befindet, sind Sie umgeben von Park- und Quai-Anlagen, dem Chinagarten und vielem mehr. Die beiden SeebÃ¤der Tiefenbrunnen und Utoquai, der Botanische Garten sowie die ehemalige Bierbrauerei und MÃ¼hle, die heute als Kultur- und Begegnungszentrum genutzt wird, runden dieses Bild noch ab. Sie werden sich im Seefeld, nicht nur wegen der gut funktionierenden Infrastrukturen und der verschiedenen EinkaufsmÃ¶glichkeiten ganz wie Daheim fÃ¼hlen.Eine grosse Palette an EinkaufsmÃ¶glichkeiten, diverse Sport- und FreizeitaktivitÃ¤ten sowie ein breit gefÃ¤chertes kulturelles Angebot runden dieses Bild ab. Auch zu erwÃ¤hnen sind die hervorragenden Infrastrukturen und die LebensqualitÃ¤t, welche zur Dynamik des persÃ¶nlichen Lebens beitragen.Ein Rundgang durch die WohnungDer durchdachte Grundriss lÃ¤sst Ihnen die Freiheit, sich auf ca. 99 m2 individuell einzurichten und der Wohnung Ihre persÃ¶nliche Note zu verleihen. Die Wohnung verfÃ¼gt Ã¼ber eine helle KÃ¼che, ein gerÃ¤umiges Wohnzimmer und ein Schlafzimmer. Der Bodenbelag und die hellen RÃ¤ume sorgen fÃ¼r ein angenehmes Wohnklima. Weitere VorzÃ¼ge dieser Wohnung sind:- GrosszÃ¼giges Wohnzimmer- KÃ¼che- 2 Zimmer- Balkon- Bad/WC- schÃ¶ne AussichtDetailsEs ist mÃ¶glich eine Garagenbox ab CHF 308.00 zu mieten. Zudem haben Sie die MÃ¶glichkeit mit den nah gelegenen Ã–V's schnell an jedes gewÃ¼nschte Ziel zu gelangen.Anschreiben. Besichtigen. Mieten.MÃ¶chten Sie kÃ¼nftig den Tag in See-NÃ¤he abschliessen?Bitte melden Sie sich fÃ¼r einen Besichtigungstermin bei der Verwaltung:Tel: 058 280 86 77E-Mail: susanne.andronic@helvetia.chAls Mieter von Helvetia profitieren Sie von 40% Rabatt auf Ihre erste JahresprÃ¤mie fÃ¼r ausgewÃ¤hlte Helvetia Versicherungsprodukte!Bei den publizierten Bildern handelt es sich um typenÃ¤hnliche / typengleiche Wohnungen. Abweichungen zum effektiven Angebot sind deshalb mÃ¶glich.Weitere interessante Mietobjekte finden Sie unter: www.helvetia.ch/miete"
"SchÃ¶neggstrasse 15, 8004 ZÃ¼rich",5.5 Zimmer,125mÂ²,CHF 4â€™490.â€“,Sanierte Wohnung am Puls des Stadtlebens,N/A
"Bombachsteig 12, 8049 ZÃ¼rich",3 Zimmer,63mÂ²,CHF 2â€™671.â€“,SchÃ¶ne Wohnung in ZÃ¼rich-HÃ¶ngg in ruhigem Wohnquartier,"Per 01. MÃ¤rz 2026 vermieten wir eine 3-Zimmerwohnung in ZÃ¼rich-HÃ¶ngg. Die Wohnung befindet sich in einem gepflegten Wohnhaus in einem ruhigen Quartier.Das Objekt verfÃ¼gt Ã¼ber folgende Ausstattung:Moderne KÃ¼che mit Kunstharzabdeckung, Glaskeramikkochherd, GeschirrspÃ¼ler, SchiebetÃ¼reHelles Badezimmer mit Fenster, Einzellavabo, Badewanne, KeramikplattenDie BÃ¶den sind mit einem pflegeleichten Vinyl belegtPraktisches Reduit mit SchiebetÃ¼reAussennlift mit direkten Zugang von Balkon zum Wohnzimmer 1 Keller- und 1 EstrichabteilWaschkÃ¼che und Trockenraum zur MitbenÃ¼tzungBITTE BEACHTEN: Die Wohnung ist fÃ¼r eine Einzelperson oder Paar geeignet Wohngemeinschaften sind nicht gewÃ¼nscht. Haustiere sind nicht erlaubtKeine Musikinstrumente Die Fotos bilden die Wohnung im 2. Obergeschoss ab (Abweichung vorhanden)GefÃ¤llt Ihnen diese charmante Wohnung? ZÃ¶gern Sie nicht und kontaktieren Sie uns fÃ¼r einen Besichtigungstermin."
"Bombachsteig 12, 8049 ZÃ¼rich",3 Zimmer,60mÂ²,CHF 2â€™840.â€“,Liebhaber Wohnung an einer ruhigen und grÃ¼nen Lage,"Zu vermieten per sofort oder nach Vereinbarung eine schÃ¶ne 3,5 - Zimmer Gartenwohnung mit WohnflÃ¤che 60 m2 und Wintergarten 15 m2 Die Wohnung erscheint in einem einzigartigen Charme und liegt an zentraler und ruhiger Lage in HÃ¶ngg EinkaufsmÃ¶glichkeiten sind in unmittelbarer NÃ¤he zu erreichenÂ Ã–ffentlicher Verkehr wie Tram Nr. 13 oder Bus Nr. 80 erreichen Sie in 5 Minuten Fussweg Die Wohnung verfÃ¼gt Ã¼ber folgende VorzÃ¼gen: SchÃ¶ne moderne KÃ¼che mit dunkler Granitabdeckung, GeschirrspÃ¼ler, Glaskeramikkochfeld (Induktion), KÃ¼hlschrank mit integriertem TiefkÃ¼hlfach, Dunstabzugshaube, Dampfbackofen, Fenster Grosses helles Wohnzimmer mit direktem Zugang in Wintergarten und auf Terrasse Wohnzimmer, Schlafzimmer, drittes kleines Zimmer und Eingangs-Korridor erscheinen in BodenbelÃ¤gen Eiche Quick Step Pulse Click Nasszelle verfÃ¼gt Ã¼ber pflegeleichten grauen Steinboden und Fenster Badezimmer wurde frisch renoviert (2025) und verfÃ¼gt Ã¼ber modernes Design Viel Stauraum im Eingangsbereich: grosser Einbauschrank, vor der Wohnung je ein Putz- und Stauraumschrank Alle Fenster sind mit elektrischen Rollladen mit Fernbedienung gesichert und diverse Fenster verfÃ¼gen Fliegengitter. Grosses Kellerabteil (auf gleicher HÃ¶he) mit viel Stauraum Moderne neue WaschkÃ¼che mit Waschmaschine und Tumbler auf gleicher Etage Lift Ein Garagenplatz fÃ¼r CHF 150.00/mtl. kann dazu gemietet werden. Die Wohnung ist fÃ¼r 1 bis 2 Personen (keine Familienwohnung) Wohngemeinschaft nicht geeignet Haustiere sind nicht erlaubt sowie keine MusikinstrumenteÃœberzeugen Sie sich selbst und melden Sie sich bei uns fÃ¼r einen Besichtigungstermin.Â Wir freuen uns, Ihnen dieses SchmuckstÃ¼ck schon bald zeigen zu dÃ¼rfen."
